{
  "main": {
    "id": "7bda825e09390dc3",
    "type": "split",
    "children": [
      {
        "id": "cb1ec3183717a69d",
        "type": "tabs",
        "children": [
          {
            "id": "7c72f5074bffae4c",
            "type": "leaf",
            "state": {
              "type": "markdown",
              "state": {
                "file": "04-Resources/1 References.md",
                "mode": "source",
                "source": false
              },
              "icon": "lucide-file",
              "title": "1 References"
            }
          }
        ]
      }
    ],
    "direction": "vertical"
  },
  "left": {
    "id": "5881c77a9b4f577e",
    "type": "split",
    "children": [
      {
        "id": "72cfdf3d2c829827",
        "type": "tabs",
        "children": [
          {
            "id": "543aba9640a61047",
            "type": "leaf",
            "state": {
              "type": "file-explorer",
              "state": {
                "sortOrder": "alphabetical",
                "autoReveal": false
              },
              "icon": "lucide-folder-closed",
              "title": "Files"
            }
          },
          {
            "id": "ddad972d3a373be5",
            "type": "leaf",
            "state": {
              "type": "search",
              "state": {
                "query": "",
                "matchingCase": false,
                "explainSearch": false,
                "collapseAll": false,
                "extraContext": false,
                "sortOrder": "alphabetical"
              },
              "icon": "lucide-search",
              "title": "Search"
            }
          },
          {
            "id": "85273230dba493e2",
            "type": "leaf",
            "state": {
              "type": "bookmarks",
              "state": {},
              "icon": "lucide-bookmark",
              "title": "Bookmarks"
            }
          }
        ]
      }
    ],
    "direction": "horizontal",
    "width": 300
  },
  "right": {
    "id": "011ca287de076bd2",
    "type": "split",
    "children": [
      {
        "id": "cc296e6cac7adadc",
        "type": "tabs",
        "children": [
          {
            "id": "dd2d8b43b12fc73f",
            "type": "leaf",
            "state": {
              "type": "backlink",
              "state": {
                "file": "01 - Briefing/Desafio.md",
                "collapseAll": false,
                "extraContext": false,
                "sortOrder": "alphabetical",
                "showSearch": false,
                "searchQuery": "",
                "backlinkCollapsed": false,
                "unlinkedCollapsed": true
              },
              "icon": "links-coming-in",
              "title": "Backlinks for Desafio"
            }
          },
          {
            "id": "557292c8b12cde0d",
            "type": "leaf",
            "state": {
              "type": "outgoing-link",
              "state": {
                "file": "01 - Briefing/Desafio.md",
                "linksCollapsed": false,
                "unlinkedCollapsed": true
              },
              "icon": "links-going-out",
              "title": "Outgoing links from Desafio"
            }
          },
          {
            "id": "0ca90dc84d8a05ad",
            "type": "leaf",
            "state": {
              "type": "tag",
              "state": {
                "sortOrder": "frequency",
                "useHierarchy": true,
                "showSearch": false,
                "searchQuery": ""
              },
              "icon": "lucide-tags",
              "title": "Tags"
            }
          },
          {
            "id": "6897d86102cf3e35",
            "type": "leaf",
            "state": {
              "type": "outline",
              "state": {
                "file": "01 - Briefing/Desafio.md",
                "followCursor": false,
                "showSearch": false,
                "searchQuery": ""
              },
              "icon": "lucide-list",
              "title": "Outline of Desafio"
            }
          }
        ]
      }
    ],
    "direction": "horizontal",
    "width": 300,
    "collapsed": true
  },
  "left-ribbon": {
    "hiddenItems": {
      "switcher:Open quick switcher": false,
      "graph:Open graph view": false,
      "canvas:Create new canvas": false,
      "daily-notes:Open today's daily note": false,
      "templates:Insert template": false,
      "command-palette:Open command palette": false,
      "bases:Create new base": false
    }
  },
  "active": "543aba9640a61047",
  "lastOpenFiles": [
    "Guia Apresentacao PPT.md",
    "Entrega Final - Meli Play UX Challenge.md.tmp.26372.1760351367314",
    "Textos Finais - Slides.md",
    "Resumo Apresentacao.md",
    "Slides Revisados - Conteudo.md",
    "02-Research/1 Pesquisa.md",
    "Entrega Final - Meli Play UX Challenge.md",
    "Todo.md",
    "02-Research/2 Personas.md",
    "Entrega Final.md.tmp.26372.1760319537168",
    "02-Research/3 Flowchart.md",
    "04-Resources/1 References.md",
    "04-Resources/2 Emojis Quickacess.md",
    "03-Landing-Page/Documentacao-Geral.md",
    "03-Landing-Page/Logs-Versionamento.md",
    "01- Briefing/1 Desafio.md",
    "00-Welcome.md",
    "03-Landing-Page/Versions/Versão 0.3.0-0.4.0.md",
    "03-Deliverables/5 Landing-Page.md",
    "03-Deliverables/1 Wireframe.md",
    "03-Deliverables/4 Interactive-Prototype.md",
    "03-Deliverables/3 High-Fidelity.md",
    "03-Deliverables/2 Low-Fidelity.md",
    "Resources/00 Readme.md",
    "Resources/02 References.md",
    "03-Landing-Page/Versions/Versão 0.1.0-0.2.0.md",
    "03-Landing-Page/Versions/Versão 0.5.0-0.5.4.md",
    "02-Research/Benchmarking.md.tmp.14984.1760310162835",
    "Resources/00-Resources",
    "04-Under-the-Hood/Stylesheet.md.tmp.14984.1760306344246",
    "04-Resources/Resources",
    "03-Landing-Page/Versions",
    "03-Landing-Page",
    "04-Resources",
    "03-Deliverables",
    "Untitled.canvas"
  ]
}